id,0,1,2,3,4,5,6,7,8,9
901_1,0,1,0,0,0,0,0,0,0,0
901_2,0,0,0,0,0,0,1,0,0,0
901_3,0,0,0,0,0,0,0,0,0,1
901_4,0,0,0,1,0,0,0,0,0,0
901_5,0,0,0,1,0,0,0,0,0,0
901_6,0,0,0,0,0,0,0,0,0,1
901_7,0,0,0,0,0,0,1,0,0,0
901_8,0,0,0,0,0,0,0,0,1,0
901_9,0,0,0,0,0,1,0,0,0,0
903_1,0,0,1,0,0,0,0,0,0,0
903_2,0,0,0,0,0,0,0,1,0,0
903_3,0,0,0,0,0,0,0,0,0,1
903_4,0,0,0,0,0,0,0,0,0,1
904_1,0,1,0,0,0,0,0,0,0,0
904_2,0,0,1,0,0,0,0,0,0,0
904_3,0,0,0,1,0,0,0,0,0,0
904_4,0,0,0,0,0,0,1,0,0,0
904_5,0,0,0,0,0,0,1,0,0,0
904_6,0,0,0,1,0,0,0,0,0,0
904_7,0,0,1,0,0,0,0,0,0,0
904_8,0,0,0,0,1,0,0,0,0,0
905_1,0,1,0,0,0,0,0,0,0,0
905_2,0,0,1,0,0,0,0,0,0,0
905_3,1,0,0,0,0,0,0,0,0,0
905_4,0,0,0,0,0,0,0,0,1,0
905_5,0,0,0,0,0,0,0,0,0,1
905_6,0,1,0,0,0,0,0,0,0,0
905_7,0,0,0,0,0,0,0,1,0,0
906_1,0,0,0,0,0,0,0,1,0,0
906_2,0,0,0,0,0,1,0,0,0,0
906_3,0,0,1,0,0,0,0,0,0,0
906_4,0,0,0,0,0,1,0,0,0,0
906_5,0,0,1,0,0,0,0,0,0,0
906_6,0,0,0,0,0,0,0,1,0,0
906_7,0,0,1,0,0,0,0,0,0,0
906_8,1,0,0,0,0,0,0,0,0,0
907_1,0,0,0,0,0,0,0,1,0,0
907_2,0,0,0,0,0,1,0,0,0,0
907_3,0,0,0,0,0,0,1,0,0,0
907_4,0,0,0,0,0,1,0,0,0,0
907_5,0,0,0,0,0,0,1,0,0,0
907_6,1,0,0,0,0,0,0,0,0,0
908_1,0,1,0,0,0,0,0,0,0,0
908_2,0,0,0,0,0,0,0,1,0,0
908_3,0,0,0,0,0,0,0,1,0,0
908_4,0,0,0,0,0,0,0,0,1,0
908_5,0,0,0,0,1,0,0,0,0,0
908_6,0,0,0,0,0,0,0,1,0,0
908_7,0,1,0,0,0,0,0,0,0,0
908_8,0,0,1,0,0,0,0,0,0,0
909_1,0,0,0,1,0,0,0,0,0,0
910_1,0,0,0,0,0,0,0,0,1,0
910_2,0,0,0,0,0,0,0,0,0,1
910_3,0,0,0,0,0,0,1,0,0,0
910_4,0,0,0,0,1,0,0,0,0,0
910_5,0,1,0,0,0,0,0,0,0,0
910_6,0,0,0,0,0,0,0,0,1,0
910_7,0,0,0,0,0,0,0,1,0,0
911_1,0,0,0,0,0,0,0,0,0,1
911_2,0,0,0,0,0,0,1,0,0,0
911_3,0,0,0,1,0,0,0,0,0,0
911_4,1,0,0,0,0,0,0,0,0,0
912_1,0,1,0,0,0,0,0,0,0,0
912_2,0,0,0,0,0,0,1,0,0,0
912_3,1,0,0,0,0,0,0,0,0,0
912_4,1,0,0,0,0,0,0,0,0,0
912_5,0,0,0,0,0,0,0,0,1,0
912_6,0,0,0,0,0,0,0,0,1,0
912_7,1,0,0,0,0,0,0,0,0,0
912_8,0,0,0,0,0,0,1,0,0,0
913_1,0,0,0,0,0,0,0,0,1,0
913_2,1,0,0,0,0,0,0,0,0,0
913_3,0,0,0,0,0,0,1,0,0,0
913_4,0,0,0,0,0,0,0,0,1,0
913_5,0,0,0,0,0,0,0,1,0,0
913_6,0,0,0,0,0,1,0,0,0,0
913_7,0,0,0,1,0,0,0,0,0,0
913_8,0,0,0,0,0,0,0,0,1,0
914_1,0,1,0,0,0,0,0,0,0,0
914_2,1,0,0,0,0,0,0,0,0,0
914_3,0,1,0,0,0,0,0,0,0,0
914_4,0,0,0,0,0,0,1,0,0,0
914_5,0,0,0,0,0,0,1,0,0,0
914_6,0,0,0,0,0,0,0,0,0,1
914_7,0,0,0,0,0,1,0,0,0,0
914_8,1,0,0,0,0,0,0,0,0,0
915_1,0,1,0,0,0,0,0,0,0,0
915_2,0,0,0,1,0,0,0,0,0,0
915_3,0,1,0,0,0,0,0,0,0,0
915_4,0,0,0,0,0,0,1,0,0,0
915_5,0,0,0,0,0,1,0,0,0,0
917_1,0,0,0,0,0,0,0,0,0,1
917_2,1,0,0,0,0,0,0,0,0,0
917_3,0,0,0,1,0,0,0,0,0,0
917_4,0,0,0,0,0,0,0,1,0,0
917_5,0,0,0,0,0,0,0,1,0,0
917_6,1,0,0,0,0,0,0,0,0,0
917_7,0,0,0,0,0,0,0,0,1,0
918_1,0,0,0,0,1,0,0,0,0,0
918_2,0,0,0,0,0,0,0,1,0,0
918_3,0,1,0,0,0,0,0,0,0,0
918_4,0,1,0,0,0,0,0,0,0,0
918_5,0,0,0,0,0,0,0,0,1,0
918_6,0,0,0,0,0,0,0,1,0,0
919_1,1,0,0,0,0,0,0,0,0,0
919_2,0,1,0,0,0,0,0,0,0,0
919_3,0,0,0,0,0,0,0,0,0,1
919_4,0,0,1,0,0,0,0,0,0,0
919_5,0,1,0,0,0,0,0,0,0,0
919_6,0,0,0,0,0,0,1,0,0,0
919_7,0,0,0,0,0,0,0,1,0,0
919_8,0,0,0,0,0,1,0,0,0,0
919_9,0,0,0,0,0,0,1,0,0,0
920_1,0,1,0,0,0,0,0,0,0,0
920_2,0,0,0,0,1,0,0,0,0,0
920_3,0,1,0,0,0,0,0,0,0,0
920_4,0,0,0,1,0,0,0,0,0,0
920_5,0,0,0,0,0,1,0,0,0,0
920_6,0,0,0,0,0,0,1,0,0,0
920_7,0,0,0,0,0,0,1,0,0,0
920_8,1,0,0,0,0,0,0,0,0,0
920_9,0,0,0,1,0,0,0,0,0,0
921_1,0,1,0,0,0,0,0,0,0,0
921_2,0,0,0,0,0,1,0,0,0,0
921_3,0,0,0,0,0,0,0,0,0,1
921_4,0,0,0,1,0,0,0,0,0,0
921_5,0,0,0,0,0,1,0,0,0,0
921_6,0,0,0,0,0,1,0,0,0,0
921_7,0,0,0,0,0,0,1,0,0,0
921_8,0,0,0,0,0,0,0,1,0,0
922_1,0,1,0,0,0,0,0,0,0,0
922_2,0,0,0,0,0,0,1,0,0,0
922_3,0,1,0,0,0,0,0,0,0,0
922_4,0,0,1,0,0,0,0,0,0,0
922_5,0,0,0,1,0,0,0,0,0,0
922_6,0,0,0,1,0,0,0,0,0,0
922_7,0,0,1,0,0,0,0,0,0,0
922_8,0,0,0,1,0,0,0,0,0,0
922_9,1,0,0,0,0,0,0,0,0,0
923_1,0,1,0,0,0,0,0,0,0,0
923_2,0,0,0,0,0,0,1,0,0,0
923_3,0,1,0,0,0,0,0,0,0,0
923_4,0,0,1,0,0,0,0,0,0,0
924_1,0,0,0,0,0,0,0,1,0,0
924_2,0,0,0,0,0,0,0,0,0,1
924_3,0,0,0,0,0,0,0,0,0,1
924_4,0,0,0,0,0,0,0,1,0,0
924_5,0,0,0,0,0,0,0,1,0,0
924_6,0,0,0,0,0,0,0,0,1,0
925_1,0,0,0,0,0,0,0,0,1,0
925_2,0,0,0,0,0,0,0,0,1,0
925_3,0,0,0,0,0,0,0,1,0,0
925_4,0,0,0,0,0,0,0,1,0,0
925_5,1,0,0,0,0,0,0,0,0,0
925_6,0,0,0,1,0,0,0,0,0,0
926_1,0,0,0,0,0,0,0,0,0,1
926_2,1,0,0,0,0,0,0,0,0,0
926_3,0,0,0,0,0,0,0,1,0,0
926_4,0,1,0,0,0,0,0,0,0,0
926_5,0,0,0,1,0,0,0,0,0,0
926_6,0,0,0,0,0,0,0,0,0,1
926_7,0,0,0,0,0,0,0,1,0,0
926_8,0,0,0,0,0,0,0,0,1,0
927_1,0,1,0,0,0,0,0,0,0,0
927_2,0,0,0,0,0,0,1,0,0,0
927_3,0,0,0,0,0,0,0,0,0,1
927_4,0,0,1,0,0,0,0,0,0,0
927_5,0,0,1,0,0,0,0,0,0,0
927_6,0,1,0,0,0,0,0,0,0,0
927_7,0,0,0,0,0,0,0,0,0,1
927_8,1,0,0,0,0,0,0,0,0,0
927_9,0,0,0,0,1,0,0,0,0,0
927_10,0,0,0,0,1,0,0,0,0,0
928_1,0,1,0,0,0,0,0,0,0,0
928_2,0,0,0,0,1,0,0,0,0,0
928_3,0,0,0,0,0,0,1,0,0,0
928_4,0,0,0,0,0,1,0,0,0,0
928_5,0,0,0,0,0,1,0,0,0,0
928_6,0,0,0,0,0,1,0,0,0,0
928_7,0,0,0,0,1,0,0,0,0,0
928_8,0,0,0,1,0,0,0,0,0,0
929_1,0,0,0,0,0,0,0,0,1,0
929_2,0,0,0,0,0,0,0,1,0,0
929_3,0,0,0,0,0,0,0,0,1,0
929_4,0,1,0,0,0,0,0,0,0,0
929_5,0,0,0,0,0,0,0,1,0,0
929_6,0,0,0,0,0,0,0,0,0,1
930_1,0,0,0,1,0,0,0,0,0,0
930_2,0,0,0,0,0,0,0,1,0,0
930_3,0,0,0,1,0,0,0,0,0,0
930_4,0,0,0,0,0,0,0,0,1,0
930_5,0,1,0,0,0,0,0,0,0,0
930_6,0,0,0,0,0,0,0,0,0,1
932_1,0,1,0,0,0,0,0,0,0,0
932_2,0,0,0,0,0,0,0,0,0,1
932_3,0,1,0,0,0,0,0,0,0,0
932_4,0,0,0,0,0,1,0,0,0,0
932_5,0,0,1,0,0,0,0,0,0,0
932_6,0,0,0,0,0,0,0,1,0,0
932_7,0,0,0,0,0,0,0,1,0,0
932_8,0,0,0,0,1,0,0,0,0,0
933_1,0,0,0,0,0,0,0,0,0,1
933_2,1,0,0,0,0,0,0,0,0,0
933_3,0,0,0,0,0,0,0,0,0,1
933_4,0,0,0,0,0,0,0,0,1,0
933_5,0,0,0,0,1,0,0,0,0,0
933_6,0,0,0,0,0,0,0,0,1,0
934_1,0,0,0,1,0,0,0,0,0,0
934_2,0,0,0,0,0,1,0,0,0,0
934_3,0,0,0,0,1,0,0,0,0,0
934_4,1,0,0,0,0,0,0,0,0,0
934_5,0,0,0,1,0,0,0,0,0,0
934_6,0,1,0,0,0,0,0,0,0,0
934_7,0,0,0,0,1,0,0,0,0,0
934_8,0,0,1,0,0,0,0,0,0,0
935_1,0,1,0,0,0,0,0,0,0,0
935_2,0,0,0,0,0,0,0,0,1,0
935_3,1,0,0,0,0,0,0,0,0,0
935_4,1,0,0,0,0,0,0,0,0,0
935_5,0,0,1,0,0,0,0,0,0,0
935_6,0,0,0,1,0,0,0,0,0,0
935_7,0,0,1,0,0,0,0,0,0,0
935_8,0,0,1,0,0,0,0,0,0,0
935_9,0,0,0,0,0,0,0,0,1,0
936_1,0,0,0,0,0,0,0,0,0,1
936_2,1,0,0,0,0,0,0,0,0,0
936_3,0,0,0,0,1,0,0,0,0,0
936_4,0,0,0,0,0,0,1,0,0,0
936_5,0,0,0,1,0,0,0,0,0,0
936_6,0,0,0,0,0,0,1,0,0,0
937_1,0,1,0,0,0,0,0,0,0,0
937_2,0,0,0,0,0,0,0,1,0,0
937_3,0,0,0,1,0,0,0,0,0,0
937_4,0,0,0,0,0,0,0,0,0,1
938_1,0,1,0,0,0,0,0,0,0,0
938_2,0,0,0,1,0,0,0,0,0,0
938_3,0,0,0,0,0,1,0,0,0,0
938_4,0,0,0,0,0,1,0,0,0,0
938_5,0,0,0,0,0,0,0,0,0,1
938_6,1,0,0,0,0,0,0,0,0,0
938_7,0,0,0,0,0,0,1,0,0,0
939_1,0,0,0,0,0,0,0,0,1,0
939_2,0,0,0,0,0,0,0,1,0,0
939_3,1,0,0,0,0,0,0,0,0,0
939_4,0,0,0,0,0,0,0,1,0,0
939_5,0,0,0,0,0,0,0,0,1,0
939_6,0,1,0,0,0,0,0,0,0,0
939_7,0,0,0,0,0,0,0,1,0,0
939_8,0,0,0,0,0,0,0,0,0,1
940_1,0,0,0,0,0,0,0,0,0,1
940_2,0,1,0,0,0,0,0,0,0,0
940_3,0,0,0,1,0,0,0,0,0,0
940_4,0,0,0,0,1,0,0,0,0,0
940_5,0,0,1,0,0,0,0,0,0,0
940_6,0,0,0,0,0,0,0,0,0,1
940_7,0,0,0,1,0,0,0,0,0,0
941_1,0,1,0,0,0,0,0,0,0,0
941_2,0,0,0,0,0,0,0,0,1,0
941_3,0,0,0,0,1,0,0,0,0,0
941_4,0,0,1,0,0,0,0,0,0,0
941_5,0,0,0,0,1,0,0,0,0,0
941_6,0,0,0,0,0,0,0,0,1,0
941_7,0,0,0,0,0,0,0,0,1,0
942_1,0,1,0,0,0,0,0,0,0,0
942_2,0,0,0,0,0,0,1,0,0,0
942_3,0,1,0,0,0,0,0,0,0,0
942_4,0,0,0,1,0,0,0,0,0,0
942_5,0,0,0,0,0,1,0,0,0,0
942_6,0,0,0,1,0,0,0,0,0,0
942_7,0,0,0,0,0,0,0,1,0,0
942_8,0,0,0,0,1,0,0,0,0,0
942_9,0,0,0,0,0,0,0,1,0,0
944_1,0,1,0,0,0,0,0,0,0,0
944_2,0,0,0,0,0,0,0,1,0,0
944_3,1,0,0,0,0,0,0,0,0,0
944_4,0,0,0,0,0,0,0,1,0,0
944_5,0,0,0,0,0,0,1,0,0,0
944_6,0,0,0,0,1,0,0,0,0,0
944_7,0,0,0,0,0,1,0,0,0,0
945_1,0,0,0,0,0,0,0,1,0,0
945_2,0,0,1,0,0,0,0,0,0,0
945_3,0,0,0,0,0,1,0,0,0,0
945_4,1,0,0,0,0,0,0,0,0,0
945_5,0,0,0,0,1,0,0,0,0,0
945_6,0,0,0,1,0,0,0,0,0,0
946_1,0,1,0,0,0,0,0,0,0,0
946_2,0,1,0,0,0,0,0,0,0,0
946_3,0,0,0,0,0,0,1,0,0,0
946_4,0,0,0,1,0,0,0,0,0,0
946_5,0,0,0,0,0,0,0,0,1,0
946_6,0,0,0,0,0,1,0,0,0,0
946_7,0,1,0,0,0,0,0,0,0,0
946_8,0,0,0,0,0,0,0,1,0,0
946_9,1,0,0,0,0,0,0,0,0,0
946_10,0,1,0,0,0,0,0,0,0,0
947_1,0,0,1,0,0,0,0,0,0,0
947_2,0,0,0,1,0,0,0,0,0,0
947_3,0,0,0,1,0,0,0,0,0,0
947_4,0,1,0,0,0,0,0,0,0,0
947_5,0,0,0,0,0,0,0,1,0,0
947_6,0,0,0,0,1,0,0,0,0,0
947_7,0,1,0,0,0,0,0,0,0,0
948_1,0,1,0,0,0,0,0,0,0,0
948_2,0,0,0,0,0,0,0,1,0,0
948_3,0,0,0,0,1,0,0,0,0,0
948_4,1,0,0,0,0,0,0,0,0,0
948_5,0,0,0,0,0,1,0,0,0,0
948_6,0,0,0,0,0,1,0,0,0,0
948_7,0,0,0,0,1,0,0,0,0,0
948_8,0,0,0,0,0,0,0,0,0,1
948_9,0,0,0,0,0,0,0,0,0,1
948_10,0,0,0,0,0,0,0,0,0,1
950_1,0,1,0,0,0,0,0,0,0,0
950_2,0,1,0,0,0,0,0,0,0,0
950_3,0,0,0,0,0,0,0,1,0,0
950_4,0,1,0,0,0,0,0,0,0,0
950_5,0,0,0,0,1,0,0,0,0,0
950_6,0,1,0,0,0,0,0,0,0,0
950_7,0,0,0,0,1,0,0,0,0,0
950_8,1,0,0,0,0,0,0,0,0,0
951_1,0,1,0,0,0,0,0,0,0,0
951_2,0,0,0,0,1,0,0,0,0,0
951_3,1,0,0,0,0,0,0,0,0,0
951_4,0,0,1,0,0,0,0,0,0,0
951_5,0,0,0,0,0,0,0,0,0,1
951_6,0,0,1,0,0,0,0,0,0,0
951_7,0,0,0,0,1,0,0,0,0,0
951_8,1,0,0,0,0,0,0,0,0,0
952_1,0,1,0,0,0,0,0,0,0,0
952_2,0,0,1,0,0,0,0,0,0,0
952_3,0,0,0,0,0,0,0,0,0,1
952_4,0,0,0,1,0,0,0,0,0,0
952_5,0,0,0,0,0,0,0,0,0,1
952_6,0,0,0,0,0,0,0,1,0,0
952_7,0,0,0,1,0,0,0,0,0,0
953_1,0,1,0,0,0,0,0,0,0,0
953_2,0,0,0,0,0,0,0,0,1,0
953_3,1,0,0,0,0,0,0,0,0,0
953_4,0,0,0,0,0,1,0,0,0,0
953_5,0,0,0,1,0,0,0,0,0,0
953_6,0,0,0,0,1,0,0,0,0,0
953_7,0,1,0,0,0,0,0,0,0,0
953_8,0,0,0,0,0,0,1,0,0,0
954_1,0,1,0,0,0,0,0,0,0,0
954_2,0,0,0,0,0,0,1,0,0,0
954_3,0,0,1,0,0,0,0,0,0,0
954_4,0,0,0,1,0,0,0,0,0,0
954_5,0,0,0,0,0,0,0,0,0,1
954_6,0,0,0,0,1,0,0,0,0,0
954_7,1,0,0,0,0,0,0,0,0,0
954_8,0,0,0,0,0,0,0,1,0,0
955_1,0,1,0,0,0,0,0,0,0,0
955_2,0,1,0,0,0,0,0,0,0,0
955_3,0,0,1,0,0,0,0,0,0,0
955_4,0,0,0,1,0,0,0,0,0,0
955_5,0,0,0,0,0,1,0,0,0,0
955_6,0,0,0,0,0,0,1,0,0,0
955_7,0,0,0,1,0,0,0,0,0,0
955_8,0,0,0,1,0,0,0,0,0,0
956_1,0,1,0,0,0,0,0,0,0,0
956_2,0,0,0,1,0,0,0,0,0,0
956_3,0,0,0,0,0,0,0,0,1,0
956_4,0,0,0,0,1,0,0,0,0,0
956_5,0,0,0,0,0,1,0,0,0,0
956_6,0,0,0,0,0,0,0,0,0,1
957_1,0,0,1,0,0,0,0,0,0,0
957_2,0,0,0,0,0,0,1,0,0,0
957_3,0,0,0,0,0,0,1,0,0,0
957_4,1,0,0,0,0,0,0,0,0,0
957_5,0,0,0,0,0,0,1,0,0,0
957_6,0,0,1,0,0,0,0,0,0,0
957_7,0,0,0,0,0,1,0,0,0,0
958_1,0,0,0,0,0,0,0,0,0,1
958_2,0,0,0,0,0,0,1,0,0,0
958_3,0,0,0,1,0,0,0,0,0,0
958_4,0,0,0,0,0,1,0,0,0,0
958_5,0,0,0,1,0,0,0,0,0,0
958_6,0,0,0,0,0,0,0,1,0,0
958_7,1,0,0,0,0,0,0,0,0,0
959_1,0,1,0,0,0,0,0,0,0,0
959_2,0,0,0,0,0,0,1,0,0,0
959_3,1,0,0,0,0,0,0,0,0,0
959_4,0,0,0,1,0,0,0,0,0,0
959_5,0,0,0,1,0,0,0,0,0,0
959_6,0,0,0,0,1,0,0,0,0,0
959_7,1,0,0,0,0,0,0,0,0,0
959_8,0,0,0,0,1,0,0,0,0,0
959_9,0,1,0,0,0,0,0,0,0,0
960_1,0,1,0,0,0,0,0,0,0,0
960_2,0,1,0,0,0,0,0,0,0,0
960_3,0,0,0,0,0,1,0,0,0,0
960_4,0,0,0,0,0,1,0,0,0,0
960_5,0,0,0,0,0,1,0,0,0,0
960_6,0,0,0,0,0,1,0,0,0,0
960_7,1,0,0,0,0,0,0,0,0,0
960_8,0,0,1,0,0,0,0,0,0,0
960_9,0,0,0,0,0,0,0,0,0,1
961_1,0,0,0,0,0,0,0,1,0,0
961_2,0,0,0,0,0,0,0,0,1,0
961_3,0,0,0,0,0,0,0,0,1,0
961_4,0,1,0,0,0,0,0,0,0,0
961_5,0,0,1,0,0,0,0,0,0,0
961_6,0,0,1,0,0,0,0,0,0,0
961_7,0,0,1,0,0,0,0,0,0,0
962_1,0,1,0,0,0,0,0,0,0,0
962_2,0,0,0,1,0,0,0,0,0,0
962_3,0,0,0,1,0,0,0,0,0,0
962_4,0,0,0,0,0,0,0,0,0,1
962_5,0,0,0,0,0,0,0,0,0,1
962_6,0,0,0,1,0,0,0,0,0,0
962_7,0,0,0,1,0,0,0,0,0,0
963_1,0,0,0,0,0,0,0,0,0,1
963_2,0,0,0,0,0,0,0,1,0,0
963_3,1,0,0,0,0,0,0,0,0,0
963_4,0,0,0,0,0,0,0,1,0,0
963_5,1,0,0,0,0,0,0,0,0,0
963_6,0,0,0,0,0,0,0,0,0,1
964_1,0,1,0,0,0,0,0,0,0,0
964_2,0,0,0,0,0,0,1,0,0,0
964_3,0,0,0,0,1,0,0,0,0,0
964_4,1,0,0,0,0,0,0,0,0,0
964_5,0,0,0,0,0,1,0,0,0,0
964_6,0,0,0,1,0,0,0,0,0,0
965_1,0,1,0,0,0,0,0,0,0,0
965_2,0,1,0,0,0,0,0,0,0,0
965_3,0,0,0,0,0,0,0,1,0,0
965_4,0,0,0,0,0,0,0,1,0,0
965_5,0,0,0,1,0,0,0,0,0,0
965_6,0,0,0,0,0,0,0,0,0,1
965_7,0,0,0,0,0,0,0,0,1,0
965_8,0,0,0,0,0,0,0,0,0,1
966_1,0,1,0,0,0,0,0,0,0,0
966_2,0,0,0,1,0,0,0,0,0,0
966_3,0,0,0,0,0,0,1,0,0,0
966_4,1,0,0,0,0,0,0,0,0,0
966_5,0,0,0,0,0,1,0,0,0,0
966_6,0,0,0,0,0,0,0,0,1,0
966_7,1,0,0,0,0,0,0,0,0,0
966_8,0,0,0,1,0,0,0,0,0,0
966_9,0,0,1,0,0,0,0,0,0,0
967_1,0,1,0,0,0,0,0,0,0,0
967_2,0,0,0,0,0,0,1,0,0,0
967_3,1,0,0,0,0,0,0,0,0,0
967_4,0,0,0,0,0,1,0,0,0,0
967_5,1,0,0,0,0,0,0,0,0,0
967_6,0,0,0,0,0,0,1,0,0,0
967_7,0,0,0,0,0,1,0,0,0,0
967_8,0,0,0,1,0,0,0,0,0,0
967_9,0,0,0,0,0,1,0,0,0,0
968_1,0,1,0,0,0,0,0,0,0,0
968_2,0,0,0,0,0,0,1,0,0,0
968_3,0,0,0,0,0,1,0,0,0,0
968_4,0,0,0,1,0,0,0,0,0,0
969_1,0,0,0,0,0,0,1,0,0,0
969_2,0,0,0,0,0,1,0,0,0,0
969_3,0,1,0,0,0,0,0,0,0,0
969_4,0,0,0,0,0,0,1,0,0,0
969_5,0,0,0,0,0,1,0,0,0,0
969_6,0,0,0,0,0,0,0,1,0,0
969_7,0,1,0,0,0,0,0,0,0,0
969_8,0,1,0,0,0,0,0,0,0,0
969_9,0,0,0,0,0,0,0,0,0,1
970_1,0,1,0,0,0,0,0,0,0,0
970_2,0,0,0,0,0,1,0,0,0,0
970_3,0,1,0,0,0,0,0,0,0,0
970_4,0,0,0,0,0,0,0,0,1,0
970_5,1,0,0,0,0,0,0,0,0,0
970_6,0,0,0,0,0,0,0,0,0,1
970_7,0,0,0,0,0,1,0,0,0,0
971_1,0,1,0,0,0,0,0,0,0,0
971_2,0,0,1,0,0,0,0,0,0,0
971_3,0,1,0,0,0,0,0,0,0,0
971_4,0,0,1,0,0,0,0,0,0,0
971_5,0,0,0,1,0,0,0,0,0,0
971_6,0,0,0,0,0,0,0,1,0,0
973_1,0,1,0,0,0,0,0,0,0,0
973_2,0,1,0,0,0,0,0,0,0,0
973_3,0,0,1,0,0,0,0,0,0,0
973_4,0,0,0,0,0,0,1,0,0,0
973_5,0,0,0,0,0,0,0,0,0,1
973_6,0,0,0,0,0,0,0,0,1,0
973_7,0,0,0,0,0,0,0,0,1,0
974_1,0,0,0,1,0,0,0,0,0,0
974_2,0,0,0,0,0,0,0,1,0,0
974_3,0,0,0,1,0,0,0,0,0,0
974_4,0,0,0,0,0,0,0,0,1,0
974_5,0,1,0,0,0,0,0,0,0,0
974_6,0,0,0,0,0,0,0,0,0,1
975_1,0,0,0,0,0,0,0,0,1,0
975_2,0,0,0,0,0,0,0,0,1,0
975_3,0,0,0,0,0,0,0,1,0,0
975_4,0,0,0,0,0,0,0,1,0,0
975_5,1,0,0,0,0,0,0,0,0,0
975_6,0,0,0,1,0,0,0,0,0,0
976_1,0,1,0,0,0,0,0,0,0,0
976_2,0,1,0,0,0,0,0,0,0,0
976_3,1,0,0,0,0,0,0,0,0,0
976_4,0,0,0,1,0,0,0,0,0,0
976_5,0,0,0,0,0,0,0,0,0,1
976_6,0,0,0,1,0,0,0,0,0,0
976_7,0,0,0,0,0,1,0,0,0,0
976_8,0,1,0,0,0,0,0,0,0,0
976_9,0,0,0,0,0,0,0,1,0,0
977_1,0,0,0,1,0,0,0,0,0,0
977_2,0,1,0,0,0,0,0,0,0,0
977_3,0,0,0,0,0,0,0,1,0,0
977_4,0,0,1,0,0,0,0,0,0,0
977_5,0,0,1,0,0,0,0,0,0,0
977_6,0,0,0,0,0,0,0,0,0,1
977_7,0,1,0,0,0,0,0,0,0,0
977_8,0,0,0,0,0,0,0,1,0,0
977_9,0,0,0,0,0,0,0,0,0,1
978_1,0,0,0,0,0,0,0,0,1,0
978_2,0,0,0,1,0,0,0,0,0,0
978_3,0,1,0,0,0,0,0,0,0,0
978_4,0,0,0,0,0,0,0,0,1,0
978_5,0,1,0,0,0,0,0,0,0,0
978_6,0,0,1,0,0,0,0,0,0,0
979_1,0,1,0,0,0,0,0,0,0,0
979_2,0,0,0,0,1,0,0,0,0,0
979_3,0,0,0,0,0,1,0,0,0,0
979_4,1,0,0,0,0,0,0,0,0,0
979_5,0,0,0,0,0,1,0,0,0,0
979_6,0,0,0,0,0,0,0,0,0,1
979_7,0,1,0,0,0,0,0,0,0,0
979_8,0,0,1,0,0,0,0,0,0,0
979_9,0,0,0,0,0,0,0,0,1,0
981_1,0,0,0,0,0,1,0,0,0,0
981_2,0,0,0,1,0,0,0,0,0,0
981_3,0,0,0,1,0,0,0,0,0,0
981_4,0,0,0,0,0,0,0,0,1,0
981_5,0,0,0,0,0,1,0,0,0,0
981_6,0,0,0,0,0,0,0,0,1,0
981_7,0,0,0,0,0,0,0,1,0,0
981_8,0,0,1,0,0,0,0,0,0,0
981_9,0,0,0,1,0,0,0,0,0,0
982_1,0,1,0,0,0,0,0,0,0,0
982_2,0,0,0,1,0,0,0,0,0,0
982_3,0,0,1,0,0,0,0,0,0,0
982_4,0,0,0,0,0,0,0,0,1,0
982_5,0,0,1,0,0,0,0,0,0,0
982_6,1,0,0,0,0,0,0,0,0,0
983_1,0,1,0,0,0,0,0,0,0,0
983_2,0,0,0,0,0,0,0,0,1,0
983_3,0,0,0,0,0,0,0,0,1,0
983_4,0,0,0,0,0,0,1,0,0,0
983_5,0,0,0,0,0,1,0,0,0,0
983_6,0,0,0,0,0,1,0,0,0,0
983_7,0,0,0,0,0,0,0,1,0,0
983_8,1,0,0,0,0,0,0,0,0,0
983_9,0,0,0,0,0,0,0,0,1,0
983_10,0,0,0,1,0,0,0,0,0,0
984_1,1,0,0,0,0,0,0,0,0,0
984_2,0,0,0,0,1,0,0,0,0,0
984_3,0,0,0,0,0,1,0,0,0,0
984_4,0,0,0,0,0,1,0,0,0,0
984_5,0,0,1,0,0,0,0,0,0,0
984_6,0,0,1,0,0,0,0,0,0,0
984_7,1,0,0,0,0,0,0,0,0,0
984_8,0,0,0,0,0,0,0,0,1,0
985_1,0,0,0,0,0,0,0,0,1,0
985_2,0,0,0,0,0,0,0,1,0,0
985_3,0,0,0,0,1,0,0,0,0,0
985_4,0,0,0,1,0,0,0,0,0,0
985_5,0,0,0,0,0,0,0,0,1,0
985_6,0,0,1,0,0,0,0,0,0,0
986_1,0,0,0,0,0,0,0,0,1,0
986_2,0,0,0,0,0,0,0,1,0,0
986_3,0,0,0,1,0,0,0,0,0,0
986_4,0,0,0,0,0,0,0,0,1,0
986_5,0,1,0,0,0,0,0,0,0,0
986_6,0,0,0,0,0,0,0,1,0,0
986_7,0,0,0,0,0,0,0,0,0,1
987_1,0,1,0,0,0,0,0,0,0,0
987_2,0,0,0,1,0,0,0,0,0,0
987_3,0,0,0,0,0,1,0,0,0,0
987_4,0,0,0,0,0,0,0,0,1,0
987_5,0,0,0,0,0,0,0,1,0,0
987_6,0,0,0,0,1,0,0,0,0,0
987_7,0,0,0,0,0,0,0,1,0,0
987_8,0,1,0,0,0,0,0,0,0,0
987_9,0,0,0,0,0,0,1,0,0,0
988_1,0,1,0,0,0,0,0,0,0,0
988_2,0,0,0,1,0,0,0,0,0,0
988_3,1,0,0,0,0,0,0,0,0,0
988_4,0,0,1,0,0,0,0,0,0,0
988_5,0,0,1,0,0,0,0,0,0,0
988_6,0,0,0,1,0,0,0,0,0,0
988_7,0,0,0,0,0,0,0,0,0,1
988_8,0,0,0,0,0,0,0,0,0,1
988_9,0,0,0,0,0,0,0,0,0,1
988_10,0,0,0,0,0,0,1,0,0,0
989_1,0,1,0,0,0,0,0,0,0,0
989_2,0,1,0,0,0,0,0,0,0,0
989_3,0,0,0,0,0,1,0,0,0,0
989_4,0,0,1,0,0,0,0,0,0,0
989_5,0,0,0,1,0,0,0,0,0,0
989_6,0,0,0,0,0,0,0,0,0,1
990_1,0,1,0,0,0,0,0,0,0,0
990_2,0,0,0,1,0,0,0,0,0,0
990_3,0,0,0,0,0,1,0,0,0,0
990_4,0,0,0,0,0,0,1,0,0,0
990_5,0,0,0,0,0,1,0,0,0,0
990_6,0,0,0,1,0,0,0,0,0,0
990_7,0,0,0,1,0,0,0,0,0,0
990_8,0,0,1,0,0,0,0,0,0,0
991_1,0,1,0,0,0,0,0,0,0,0
991_2,1,0,0,0,0,0,0,0,0,0
991_3,0,0,0,0,0,0,0,0,1,0
991_4,0,0,0,0,0,1,0,0,0,0
991_5,0,0,0,0,1,0,0,0,0,0
991_6,0,0,0,1,0,0,0,0,0,0
992_1,0,1,0,0,0,0,0,0,0,0
992_2,0,0,0,0,0,0,1,0,0,0
992_3,0,0,0,0,0,0,0,0,0,1
992_4,0,0,0,0,0,1,0,0,0,0
992_5,0,0,0,0,0,1,0,0,0,0
992_6,0,0,0,0,0,0,0,0,0,1
992_7,0,0,0,0,0,0,0,1,0,0
992_8,0,0,0,1,0,0,0,0,0,0
993_1,0,1,0,0,0,0,0,0,0,0
993_2,1,0,0,0,0,0,0,0,0,0
993_3,0,0,0,0,0,0,0,0,0,1
993_4,0,0,0,0,0,1,0,0,0,0
993_5,0,0,0,1,0,0,0,0,0,0
993_6,0,0,0,0,1,0,0,0,0,0
993_7,0,0,1,0,0,0,0,0,0,0
993_8,0,0,1,0,0,0,0,0,0,0
993_9,0,0,0,0,0,1,0,0,0,0
994_1,0,1,0,0,0,0,0,0,0,0
994_2,0,0,1,0,0,0,0,0,0,0
994_3,0,0,0,0,0,1,0,0,0,0
994_4,0,0,0,0,0,1,0,0,0,0
994_5,0,0,0,0,1,0,0,0,0,0
994_6,0,0,0,1,0,0,0,0,0,0
994_7,0,0,0,0,0,0,0,0,1,0
994_8,0,0,0,0,0,1,0,0,0,0
994_9,1,0,0,0,0,0,0,0,0,0
994_10,0,0,0,1,0,0,0,0,0,0
996_1,0,1,0,0,0,0,0,0,0,0
996_2,0,0,0,1,0,0,0,0,0,0
996_3,0,0,0,0,0,0,0,0,1,0
996_4,1,0,0,0,0,0,0,0,0,0
996_5,0,0,0,0,0,1,0,0,0,0
996_6,0,0,0,1,0,0,0,0,0,0
996_7,0,0,0,0,0,0,0,0,1,0
996_8,0,0,0,0,1,0,0,0,0,0
996_9,1,0,0,0,0,0,0,0,0,0
996_10,0,0,0,0,0,0,0,0,0,1
997_1,0,1,0,0,0,0,0,0,0,0
997_2,0,0,0,0,0,0,1,0,0,0
997_3,0,0,0,0,0,1,0,0,0,0
997_4,1,0,0,0,0,0,0,0,0,0
997_5,0,0,1,0,0,0,0,0,0,0
997_6,0,0,0,0,0,1,0,0,0,0
997_7,0,0,0,0,0,0,0,1,0,0
997_8,0,0,0,0,0,0,0,0,1,0
997_9,0,0,0,0,0,0,0,1,0,0
997_10,0,0,0,0,0,0,0,0,1,0
998_1,0,0,0,0,0,0,0,0,1,0
998_2,0,1,0,0,0,0,0,0,0,0
998_3,0,0,0,0,0,0,0,0,0,1
998_4,1,0,0,0,0,0,0,0,0,0
998_5,0,0,0,0,0,0,1,0,0,0
998_6,0,0,1,0,0,0,0,0,0,0
999_1,0,1,0,0,0,0,0,0,0,0
999_2,0,0,0,1,0,0,0,0,0,0
999_3,0,1,0,0,0,0,0,0,0,0
999_4,0,1,0,0,0,0,0,0,0,0
999_5,0,0,0,1,0,0,0,0,0,0
999_6,0,0,0,0,0,0,0,0,0,1
999_7,0,0,0,0,0,0,1,0,0,0
1000_1,0,0,0,0,0,0,0,0,0,1
1000_2,0,0,0,0,1,0,0,0,0,0
1000_3,0,0,0,0,0,1,0,0,0,0
1000_4,0,0,0,0,0,0,0,1,0,0
1000_5,0,0,0,1,0,0,0,0,0,0
1001_1,0,1,0,0,0,0,0,0,0,0
1001_2,0,0,0,0,0,0,0,1,0,0
1001_3,0,0,0,1,0,0,0,0,0,0
1001_4,0,0,0,0,0,0,0,0,1,0
1001_5,0,0,0,1,0,0,0,0,0,0
1001_6,0,0,0,0,0,0,0,0,0,1
1001_7,0,1,0,0,0,0,0,0,0,0
1001_8,0,1,0,0,0,0,0,0,0,0
1001_9,0,0,0,0,0,0,1,0,0,0
1002_1,0,1,0,0,0,0,0,0,0,0
1002_2,0,0,0,0,0,1,0,0,0,0
1002_3,0,0,1,0,0,0,0,0,0,0
1002_4,0,0,0,0,1,0,0,0,0,0
1003_1,0,1,0,0,0,0,0,0,0,0
1003_2,0,0,0,0,0,0,0,0,0,1
1003_3,0,0,1,0,0,0,0,0,0,0
1003_4,0,0,0,1,0,0,0,0,0,0
1003_5,0,0,0,0,0,0,0,0,1,0
1003_6,0,0,0,1,0,0,0,0,0,0
1003_7,0,0,0,0,0,0,0,0,0,1
1004_1,0,0,0,0,0,0,0,1,0,0
1004_2,0,0,0,0,0,0,1,0,0,0
1004_3,0,0,0,1,0,0,0,0,0,0
1004_4,0,0,0,0,0,0,1,0,0,0
1004_5,0,0,1,0,0,0,0,0,0,0
1004_6,0,0,0,0,0,0,0,1,0,0
1004_7,0,1,0,0,0,0,0,0,0,0
1004_8,0,0,0,0,1,0,0,0,0,0
1005_1,0,1,0,0,0,0,0,0,0,0
1005_2,0,0,0,0,0,0,0,0,0,1
1005_3,0,0,0,0,0,1,0,0,0,0
1005_4,0,0,0,0,0,1,0,0,0,0
1005_5,0,0,0,0,0,0,0,0,1,0
1006_1,0,1,0,0,0,0,0,0,0,0
1006_2,0,0,0,0,0,0,0,0,1,0
1006_3,1,0,0,0,0,0,0,0,0,0
1006_4,1,0,0,0,0,0,0,0,0,0
1006_5,0,0,0,1,0,0,0,0,0,0
1006_6,0,0,1,0,0,0,0,0,0,0
1006_7,0,0,1,0,0,0,0,0,0,0
1006_8,0,0,0,0,0,0,0,0,1,0
1007_1,0,0,0,0,0,0,1,0,0,0
1007_2,1,0,0,0,0,0,0,0,0,0
1007_3,0,0,0,0,0,0,0,1,0,0
1007_4,1,0,0,0,0,0,0,0,0,0
1008_1,0,0,1,0,0,0,0,0,0,0
1008_2,0,0,0,1,0,0,0,0,0,0
1008_3,0,0,0,0,0,0,0,0,0,1
1008_4,0,0,0,0,1,0,0,0,0,0
1008_5,0,1,0,0,0,0,0,0,0,0
1008_6,0,0,0,0,0,0,1,0,0,0
1009_1,0,0,1,0,0,0,0,0,0,0
1009_2,0,0,0,0,1,0,0,0,0,0
1009_3,0,0,0,0,0,0,1,0,0,0
1009_4,0,0,0,0,0,1,0,0,0,0
1009_5,0,1,0,0,0,0,0,0,0,0
1009_6,0,0,0,1,0,0,0,0,0,0
1009_7,0,0,0,0,0,0,0,0,0,1
1009_8,0,0,0,0,0,0,0,0,1,0
1010_1,0,1,0,0,0,0,0,0,0,0
1010_2,0,0,1,0,0,0,0,0,0,0
1010_3,0,0,0,0,0,0,0,1,0,0
1010_4,0,0,0,1,0,0,0,0,0,0
1010_5,0,0,0,0,0,0,0,1,0,0
1010_6,0,0,0,0,1,0,0,0,0,0
1010_7,1,0,0,0,0,0,0,0,0,0
1010_8,0,0,1,0,0,0,0,0,0,0
1010_9,0,0,0,0,0,0,0,0,0,1
1012_1,0,0,0,0,1,0,0,0,0,0
1012_2,0,0,0,0,1,0,0,0,0,0
1012_3,0,0,0,0,0,0,0,0,0,1
1013_1,0,1,0,0,0,0,0,0,0,0
1013_2,1,0,0,0,0,0,0,0,0,0
1013_3,0,0,0,1,0,0,0,0,0,0
1013_4,0,0,0,0,0,1,0,0,0,0
1013_5,0,0,0,0,0,1,0,0,0,0
1013_6,0,0,0,0,0,0,0,0,1,0
1013_7,0,1,0,0,0,0,0,0,0,0
1013_8,0,0,0,0,0,0,1,0,0,0
1013_9,0,0,0,0,1,0,0,0,0,0
1013_10,0,0,0,0,0,0,0,0,1,0
1014_1,0,1,0,0,0,0,0,0,0,0
1014_2,0,0,0,0,1,0,0,0,0,0
1014_3,0,0,0,0,0,0,0,0,0,1
1014_4,0,0,0,0,0,1,0,0,0,0
1014_5,0,0,0,1,0,0,0,0,0,0
1014_6,0,0,0,1,0,0,0,0,0,0
1014_7,0,1,0,0,0,0,0,0,0,0
1014_8,0,0,0,1,0,0,0,0,0,0
1014_9,0,0,0,1,0,0,0,0,0,0
1014_10,0,0,1,0,0,0,0,0,0,0
1015_1,0,0,0,0,0,0,0,0,0,1
1015_2,0,0,0,0,0,1,0,0,0,0
1015_3,0,1,0,0,0,0,0,0,0,0
1015_4,1,0,0,0,0,0,0,0,0,0
1016_1,0,1,0,0,0,0,0,0,0,0
1016_2,0,0,0,0,1,0,0,0,0,0
1016_3,0,0,0,1,0,0,0,0,0,0
1016_4,0,0,0,1,0,0,0,0,0,0
1016_5,0,0,0,0,0,0,0,0,0,1
1016_6,0,0,0,0,1,0,0,0,0,0
1016_7,0,0,0,0,0,0,0,1,0,0
1016_8,0,0,0,0,0,0,0,0,0,1
1016_9,1,0,0,0,0,0,0,0,0,0
1017_1,0,1,0,0,0,0,0,0,0,0
1017_2,0,0,0,0,0,0,0,0,1,0
1017_3,0,0,1,0,0,0,0,0,0,0
1017_4,0,0,0,0,0,0,0,0,1,0
1017_5,0,0,0,0,0,0,0,0,0,1
1017_6,0,0,0,0,0,0,1,0,0,0
1017_7,0,1,0,0,0,0,0,0,0,0
1017_8,0,0,0,0,1,0,0,0,0,0
1017_9,0,0,0,0,0,0,0,0,0,1
1018_1,0,0,0,0,0,0,0,0,1,0
1018_2,0,0,0,0,0,0,0,0,1,0
1018_3,0,0,0,0,0,0,1,0,0,0
1018_4,0,0,0,0,0,0,1,0,0,0
1018_5,0,0,0,1,0,0,0,0,0,0
1018_6,0,0,0,0,0,0,0,0,1,0
1018_7,0,0,0,0,0,0,1,0,0,0
1019_1,0,1,0,0,0,0,0,0,0,0
1019_2,0,0,0,0,0,1,0,0,0,0
1019_3,0,0,0,0,0,0,0,0,1,0
1019_4,0,0,0,0,1,0,0,0,0,0
1019_5,0,0,0,0,0,0,0,0,1,0
1019_6,0,0,1,0,0,0,0,0,0,0
1019_7,1,0,0,0,0,0,0,0,0,0
1020_1,0,0,0,0,0,0,0,0,0,1
1020_2,0,0,0,1,0,0,0,0,0,0
1020_3,0,1,0,0,0,0,0,0,0,0
1020_4,0,0,0,0,0,1,0,0,0,0
1020_5,0,0,0,0,0,0,0,1,0,0
1020_6,0,0,0,0,0,0,0,0,1,0
1021_1,0,1,0,0,0,0,0,0,0,0
1021_2,0,1,0,0,0,0,0,0,0,0
1021_3,1,0,0,0,0,0,0,0,0,0
1021_4,0,0,0,0,0,1,0,0,0,0
1021_5,0,0,0,0,0,0,0,0,0,1
1021_6,0,0,0,0,0,0,1,0,0,0
1021_7,0,0,0,0,0,0,0,0,0,1
1021_8,0,0,0,0,0,0,0,0,0,1
1022_1,0,1,0,0,0,0,0,0,0,0
1022_2,0,0,0,0,0,1,0,0,0,0
1022_3,0,1,0,0,0,0,0,0,0,0
1022_4,0,0,0,0,0,0,0,0,1,0
1022_5,1,0,0,0,0,0,0,0,0,0
1022_6,0,0,0,0,0,0,0,0,0,1
1022_7,0,0,0,0,0,1,0,0,0,0
1023_1,0,1,0,0,0,0,0,0,0,0
1023_2,1,0,0,0,0,0,0,0,0,0
1023_3,0,0,0,0,0,0,0,0,0,1
1023_4,0,0,0,0,0,0,1,0,0,0
1023_5,0,0,0,0,0,1,0,0,0,0
1023_6,0,0,0,0,0,0,0,0,1,0
1025_1,0,1,0,0,0,0,0,0,0,0
1025_2,0,0,0,0,0,1,0,0,0,0
1025_3,0,0,1,0,0,0,0,0,0,0
1025_4,0,0,0,0,0,0,0,0,0,1
1025_5,0,0,0,0,1,0,0,0,0,0
1025_6,0,0,0,1,0,0,0,0,0,0
1025_7,0,0,0,0,0,0,0,0,1,0
1026_1,0,1,0,0,0,0,0,0,0,0
1026_2,0,1,0,0,0,0,0,0,0,0
1026_3,0,0,0,0,0,0,1,0,0,0
1026_4,0,0,0,1,0,0,0,0,0,0
1026_5,0,0,0,0,0,0,0,1,0,0
1026_6,0,0,0,1,0,0,0,0,0,0
1026_7,0,0,0,0,0,0,1,0,0,0
1026_8,1,0,0,0,0,0,0,0,0,0
1027_1,0,1,0,0,0,0,0,0,0,0
1027_2,0,0,0,0,0,1,0,0,0,0
1027_3,0,0,0,1,0,0,0,0,0,0
1027_4,0,0,0,1,0,0,0,0,0,0
1027_5,0,0,0,0,0,1,0,0,0,0
1027_6,0,0,0,0,0,0,0,0,1,0
1027_7,0,0,0,0,0,0,0,0,0,1
1027_8,0,0,0,0,0,1,0,0,0,0
1027_9,0,0,0,0,0,0,0,0,0,1
1028_1,0,0,0,0,0,1,0,0,0,0
1028_2,0,0,0,1,0,0,0,0,0,0
1028_3,0,0,0,0,0,0,0,0,0,1
1028_4,1,0,0,0,0,0,0,0,0,0
1029_1,0,1,0,0,0,0,0,0,0,0
1029_2,0,0,0,0,1,0,0,0,0,0
1029_3,0,0,0,0,0,1,0,0,0,0
1029_4,1,0,0,0,0,0,0,0,0,0
1029_5,0,0,0,1,0,0,0,0,0,0
1029_6,0,0,0,1,0,0,0,0,0,0
1029_7,0,1,0,0,0,0,0,0,0,0
1029_8,1,0,0,0,0,0,0,0,0,0
1029_9,0,0,0,0,0,0,0,0,0,1
1029_10,0,0,0,1,0,0,0,0,0,0
1029_11,0,1,0,0,0,0,0,0,0,0
1030_1,0,1,0,0,0,0,0,0,0,0
1030_2,0,0,0,0,0,1,0,0,0,0
1030_3,0,0,0,0,0,0,1,0,0,0
1030_4,0,0,0,0,0,0,0,0,1,0
1030_5,0,0,0,0,0,0,1,0,0,0
1030_6,0,0,0,0,1,0,0,0,0,0
1031_1,0,1,0,0,0,0,0,0,0,0
1031_2,0,0,0,0,0,0,0,0,1,0
1031_3,0,1,0,0,0,0,0,0,0,0
1031_4,0,0,0,1,0,0,0,0,0,0
1031_5,0,0,0,0,0,0,0,0,0,1
1031_6,0,0,0,0,0,0,1,0,0,0
1031_7,0,0,0,0,0,1,0,0,0,0
1031_8,0,0,0,0,0,0,1,0,0,0
1032_1,0,0,0,1,0,0,0,0,0,0
1032_2,0,0,0,0,0,1,0,0,0,0
1032_3,0,0,0,0,0,0,0,0,0,1
1032_4,0,0,0,1,0,0,0,0,0,0
1032_5,0,0,0,0,0,0,1,0,0,0
1032_6,0,0,0,0,0,0,0,0,1,0
1032_7,0,0,0,0,0,0,1,0,0,0
1032_8,0,0,0,0,0,0,0,1,0,0
1032_9,0,0,0,0,0,0,0,1,0,0
1033_1,0,1,0,0,0,0,0,0,0,0
1033_2,0,0,0,0,0,0,1,0,0,0
1033_3,0,0,0,0,0,0,0,1,0,0
1033_4,0,0,0,1,0,0,0,0,0,0
1033_5,0,0,0,0,0,1,0,0,0,0
1033_6,0,0,0,0,0,0,0,0,0,1
1033_7,0,0,0,0,0,0,0,0,0,1
1033_8,0,0,0,0,0,0,0,0,1,0
1034_1,0,1,0,0,0,0,0,0,0,0
1034_2,0,1,0,0,0,0,0,0,0,0
1034_3,0,0,0,0,0,0,0,0,0,1
1034_4,1,0,0,0,0,0,0,0,0,0
1034_5,0,0,0,0,0,0,0,0,1,0
1034_6,0,0,0,1,0,0,0,0,0,0
1034_7,0,0,1,0,0,0,0,0,0,0
1034_8,0,1,0,0,0,0,0,0,0,0
1034_9,0,0,1,0,0,0,0,0,0,0
1034_10,0,0,0,1,0,0,0,0,0,0
1035_1,0,1,0,0,0,0,0,0,0,0
1035_2,0,1,0,0,0,0,0,0,0,0
1035_3,0,0,0,0,0,0,1,0,0,0
1035_4,0,0,0,1,0,0,0,0,0,0
1035_5,0,0,0,1,0,0,0,0,0,0
1035_6,0,0,0,0,0,0,1,0,0,0
1035_7,0,0,0,0,0,0,1,0,0,0
1035_8,0,0,0,0,0,0,0,0,1,0
1036_1,0,0,0,0,0,0,0,0,1,0
1036_2,0,0,0,0,0,0,0,1,0,0
1036_3,0,0,0,0,0,1,0,0,0,0
1036_4,0,0,0,0,0,0,0,1,0,0
1036_5,0,0,0,1,0,0,0,0,0,0
1036_6,0,0,0,0,0,0,1,0,0,0
1036_7,0,0,0,0,0,0,0,0,0,1
1037_1,0,0,0,0,0,0,1,0,0,0
1037_2,0,0,1,0,0,0,0,0,0,0
1037_3,0,0,0,0,0,0,0,0,1,0
1037_4,0,0,0,1,0,0,0,0,0,0
1037_5,0,0,0,0,0,0,0,0,0,1
1037_6,0,0,0,0,0,0,1,0,0,0
1037_7,0,0,0,0,1,0,0,0,0,0
1037_8,1,0,0,0,0,0,0,0,0,0
1038_1,0,0,0,0,0,0,1,0,0,0
1038_2,1,0,0,0,0,0,0,0,0,0
1038_3,0,0,0,0,0,0,0,0,1,0
1038_4,0,0,0,0,0,0,0,1,0,0
1038_5,0,0,0,0,0,0,0,0,0,1
1038_6,0,0,0,0,1,0,0,0,0,0
1038_7,1,0,0,0,0,0,0,0,0,0
1038_8,0,0,0,0,1,0,0,0,0,0
1038_9,0,1,0,0,0,0,0,0,0,0
1039_1,0,1,0,0,0,0,0,0,0,0
1039_2,0,0,0,0,1,0,0,0,0,0
1039_3,1,0,0,0,0,0,0,0,0,0
1039_4,0,0,0,0,0,0,1,0,0,0
1039_5,0,0,0,0,0,1,0,0,0,0
1039_6,0,0,0,0,0,0,0,0,0,1
1040_1,0,0,0,0,0,0,0,0,0,1
1040_2,0,0,0,0,0,0,1,0,0,0
1040_3,0,0,0,1,0,0,0,0,0,0
1040_4,0,0,0,1,0,0,0,0,0,0
1040_5,0,0,0,0,0,0,0,1,0,0
1040_6,0,0,0,1,0,0,0,0,0,0
1040_7,0,0,0,0,1,0,0,0,0,0
1041_1,0,0,0,0,0,0,1,0,0,0
1041_2,0,0,1,0,0,0,0,0,0,0
1041_3,0,0,0,0,0,0,1,0,0,0
1041_4,0,0,0,0,0,1,0,0,0,0
1041_5,0,0,0,0,0,0,1,0,0,0
1041_6,0,0,0,0,0,0,0,0,0,1
1042_1,0,0,0,1,0,0,0,0,0,0
1042_2,0,0,0,0,1,0,0,0,0,0
1042_3,0,0,0,1,0,0,0,0,0,0
1042_4,0,0,0,1,0,0,0,0,0,0
1042_5,0,0,0,0,0,1,0,0,0,0
1042_6,0,0,0,0,1,0,0,0,0,0
1042_7,0,0,0,0,1,0,0,0,0,0
1042_8,0,1,0,0,0,0,0,0,0,0
1042_9,0,0,0,1,0,0,0,0,0,0
1043_1,0,0,0,0,0,0,0,1,0,0
1043_2,0,0,0,1,0,0,0,0,0,0
1043_3,0,0,0,0,0,1,0,0,0,0
1043_4,0,0,0,0,0,1,0,0,0,0
1043_5,0,0,0,0,0,1,0,0,0,0
1043_6,0,0,0,0,0,0,0,0,0,1
1043_7,1,0,0,0,0,0,0,0,0,0
1043_8,0,0,0,0,0,0,1,0,0,0
1044_1,0,1,0,0,0,0,0,0,0,0
1044_2,0,0,0,0,0,0,1,0,0,0
1044_3,1,0,0,0,0,0,0,0,0,0
1044_4,0,0,1,0,0,0,0,0,0,0
1044_5,0,0,1,0,0,0,0,0,0,0
1044_6,1,0,0,0,0,0,0,0,0,0
1044_7,0,0,1,0,0,0,0,0,0,0
1045_1,0,0,0,0,0,0,1,0,0,0
1045_2,0,0,1,0,0,0,0,0,0,0
1045_3,0,0,0,0,0,1,0,0,0,0
1045_4,0,0,0,0,0,0,0,0,0,1
1045_5,0,0,0,0,0,0,0,1,0,0
1045_6,0,0,0,1,0,0,0,0,0,0
1045_7,0,0,0,0,1,0,0,0,0,0
1046_1,1,0,0,0,0,0,0,0,0,0
1046_2,0,1,0,0,0,0,0,0,0,0
1046_3,0,0,0,1,0,0,0,0,0,0
1046_4,0,0,0,0,0,0,1,0,0,0
1046_5,0,0,0,0,0,0,0,0,0,1
1046_6,1,0,0,0,0,0,0,0,0,0
1047_1,0,1,0,0,0,0,0,0,0,0
1047_2,0,0,0,0,0,0,0,0,1,0
1047_3,0,0,0,0,0,0,1,0,0,0
1047_4,0,0,0,0,0,0,0,1,0,0
1047_5,0,0,0,0,0,0,0,1,0,0
1048_1,0,1,0,0,0,0,0,0,0,0
1048_2,0,0,0,0,0,0,0,0,0,1
1048_3,0,0,0,0,1,0,0,0,0,0
1048_4,0,0,0,0,0,0,0,1,0,0
1048_5,0,0,0,1,0,0,0,0,0,0
1048_6,0,0,0,0,0,1,0,0,0,0
1049_1,0,1,0,0,0,0,0,0,0,0
1049_2,1,0,0,0,0,0,0,0,0,0
1049_3,0,0,0,0,0,0,0,0,1,0
1049_4,0,0,0,0,0,0,0,1,0,0
1049_5,0,0,0,0,0,1,0,0,0,0
1049_6,0,0,0,1,0,0,0,0,0,0
1049_7,0,0,0,1,0,0,0,0,0,0
1049_8,0,0,0,1,0,0,0,0,0,0
1050_1,0,1,0,0,0,0,0,0,0,0
1050_2,0,0,0,1,0,0,0,0,0,0
1050_3,0,0,0,0,0,0,0,0,1,0
1050_4,0,0,0,1,0,0,0,0,0,0
1050_5,0,0,0,0,0,0,1,0,0,0
1050_6,0,0,0,0,0,1,0,0,0,0
1050_7,0,1,0,0,0,0,0,0,0,0
1050_8,0,0,0,0,0,0,0,1,0,0
1050_9,0,0,0,0,0,0,1,0,0,0
1050_10,0,0,0,0,0,0,0,0,0,1
1051_1,0,0,0,0,0,0,0,0,0,1
1051_2,0,1,0,0,0,0,0,0,0,0
1051_3,0,0,0,1,0,0,0,0,0,0
1051_4,0,0,0,0,1,0,0,0,0,0
1051_5,0,0,1,0,0,0,0,0,0,0
1051_6,0,0,0,0,0,0,0,0,0,1
1051_7,0,0,0,1,0,0,0,0,0,0
1052_1,0,1,0,0,0,0,0,0,0,0
1052_2,0,0,0,0,0,1,0,0,0,0
1052_3,0,0,0,0,0,0,0,0,0,1
1052_4,0,0,0,0,0,0,0,0,1,0
1052_5,0,0,0,0,0,1,0,0,0,0
1052_6,0,0,0,0,0,0,0,0,1,0
1052_7,0,0,0,0,0,0,0,0,1,0
1052_8,0,0,0,0,0,0,0,0,0,1
1052_9,0,0,0,0,1,0,0,0,0,0
1053_1,0,0,0,0,0,0,0,0,0,1
1053_2,1,0,0,0,0,0,0,0,0,0
1053_3,0,0,0,0,0,0,0,0,0,1
1053_4,0,0,0,0,0,0,0,0,1,0
1053_5,0,0,0,0,1,0,0,0,0,0
1053_6,0,0,0,0,0,0,0,0,1,0
1054_1,0,1,0,0,0,0,0,0,0,0
1054_2,0,0,1,0,0,0,0,0,0,0
1054_3,0,0,1,0,0,0,0,0,0,0
1054_4,0,0,1,0,0,0,0,0,0,0
1054_5,0,1,0,0,0,0,0,0,0,0
1054_6,0,0,0,0,0,0,0,1,0,0
1054_7,0,1,0,0,0,0,0,0,0,0
1055_1,0,0,0,0,0,0,0,1,0,0
1055_2,0,0,0,0,0,0,1,0,0,0
1055_3,0,0,0,1,0,0,0,0,0,0
1055_4,0,0,0,0,0,0,0,0,0,1
1055_5,0,0,1,0,0,0,0,0,0,0
1055_6,0,0,0,0,0,0,0,1,0,0
1055_7,0,1,0,0,0,0,0,0,0,0
1055_8,0,0,0,0,1,0,0,0,0,0
1056_1,0,1,0,0,0,0,0,0,0,0
1056_2,0,0,0,0,0,0,1,0,0,0
1056_3,0,0,0,0,0,0,0,1,0,0
1056_4,0,0,0,1,0,0,0,0,0,0
1056_5,0,0,0,0,0,1,0,0,0,0
1056_6,0,0,1,0,0,0,0,0,0,0
1056_7,0,0,0,0,0,1,0,0,0,0
1056_8,0,0,0,0,0,0,0,1,0,0
1057_1,0,0,0,0,0,0,0,1,0,0
1057_2,0,0,0,1,0,0,0,0,0,0
1057_3,0,0,0,0,0,1,0,0,0,0
1057_4,0,0,0,0,0,1,0,0,0,0
1057_5,0,0,0,0,0,1,0,0,0,0
1057_6,0,0,0,0,0,0,0,0,0,1
1057_7,1,0,0,0,0,0,0,0,0,0
1057_8,0,0,0,0,0,0,1,0,0,0
1058_1,0,1,0,0,0,0,0,0,0,0
1058_2,0,0,0,0,1,0,0,0,0,0
1058_3,1,0,0,0,0,0,0,0,0,0
1058_4,0,0,0,0,0,0,1,0,0,0
1058_5,0,1,0,0,0,0,0,0,0,0
1058_6,0,0,0,0,0,0,0,0,0,1
1058_7,0,0,1,0,0,0,0,0,0,0
1058_8,0,0,0,0,1,0,0,0,0,0
1058_9,1,0,0,0,0,0,0,0,0,0
1059_1,0,1,0,0,0,0,0,0,0,0
1059_2,0,0,0,0,0,0,1,0,0,0
1059_3,0,0,0,0,0,0,0,1,0,0
1059_4,0,0,0,0,0,0,1,0,0,0
1059_5,0,0,1,0,0,0,0,0,0,0
1059_6,0,1,0,0,0,0,0,0,0,0
1059_7,0,0,0,0,1,0,0,0,0,0
1059_8,0,0,1,0,0,0,0,0,0,0
1060_1,0,0,0,0,1,0,0,0,0,0
1060_2,1,0,0,0,0,0,0,0,0,0
1060_3,0,0,0,0,0,0,0,0,0,1
1060_4,0,0,0,0,0,0,0,1,0,0
1061_1,0,0,0,0,0,1,0,0,0,0
1062_1,0,1,0,0,0,0,0,0,0,0
1062_2,0,1,0,0,0,0,0,0,0,0
1062_3,0,0,0,0,0,0,0,0,0,1
1062_4,0,0,0,0,0,0,1,0,0,0
1062_5,0,0,0,0,0,0,0,0,0,1
1062_6,0,0,1,0,0,0,0,0,0,0
1062_7,0,0,0,0,0,0,1,0,0,0
1063_1,1,0,0,0,0,0,0,0,0,0
1063_2,0,1,0,0,0,0,0,0,0,0
1063_3,0,0,0,1,0,0,0,0,0,0
1063_4,0,0,0,0,0,0,1,0,0,0
1063_5,0,0,0,0,0,0,0,0,0,1
1063_6,0,0,0,0,0,1,0,0,0,0
1063_7,1,0,0,0,0,0,0,0,0,0
1064_1,0,1,0,0,0,0,0,0,0,0
1064_2,0,0,1,0,0,0,0,0,0,0
1064_3,0,0,0,0,0,0,0,1,0,0
1064_4,0,0,1,0,0,0,0,0,0,0
1064_5,0,0,0,0,0,1,0,0,0,0
1064_6,0,0,0,0,0,0,0,0,0,1
1064_7,0,0,1,0,0,0,0,0,0,0
1064_8,0,0,0,0,0,0,0,0,0,1
1064_9,0,0,0,0,0,1,0,0,0,0
1065_1,0,0,0,0,0,0,1,0,0,0
1065_2,0,0,0,0,0,1,0,0,0,0
1065_3,0,0,0,0,0,0,1,0,0,0
1065_4,0,0,0,0,0,0,1,0,0,0
1065_5,0,0,0,0,1,0,0,0,0,0
1065_6,0,0,0,0,0,0,1,0,0,0
1066_1,0,1,0,0,0,0,0,0,0,0
1066_2,0,1,0,0,0,0,0,0,0,0
1067_1,0,1,0,0,0,0,0,0,0,0
1067_2,0,0,0,0,0,0,0,1,0,0
1067_3,0,0,0,0,0,0,0,1,0,0
1067_4,0,0,0,1,0,0,0,0,0,0
1067_5,0,0,0,0,0,0,0,0,1,0
1067_6,0,0,0,0,0,0,0,0,0,1
1067_7,0,0,0,0,0,1,0,0,0,0
1067_8,0,0,0,1,0,0,0,0,0,0
1068_1,0,1,0,0,0,0,0,0,0,0
1068_2,0,0,0,0,1,0,0,0,0,0
1068_3,0,0,0,0,1,0,0,0,0,0
1068_4,0,0,0,0,0,0,0,0,0,1
1068_5,1,0,0,0,0,0,0,0,0,0
1068_6,0,0,0,0,0,0,1,0,0,0
1068_7,0,0,0,0,0,1,0,0,0,0
1069_1,0,1,0,0,0,0,0,0,0,0
1069_2,0,0,1,0,0,0,0,0,0,0
1069_3,0,0,0,0,0,0,1,0,0,0
1069_4,0,0,0,0,0,0,1,0,0,0
1069_5,0,1,0,0,0,0,0,0,0,0
1069_6,0,0,1,0,0,0,0,0,0,0
1069_7,0,0,0,0,1,0,0,0,0,0
1070_1,0,1,0,0,0,0,0,0,0,0
1070_2,0,0,0,0,0,0,0,1,0,0
1070_3,0,0,0,0,0,0,0,1,0,0
1070_4,0,1,0,0,0,0,0,0,0,0
1070_5,0,0,0,1,0,0,0,0,0,0
1070_6,0,0,0,0,1,0,0,0,0,0
1070_7,0,0,1,0,0,0,0,0,0,0
1070_8,0,0,0,0,0,0,0,0,1,0
1070_9,0,0,0,0,0,1,0,0,0,0
1070_10,0,0,0,0,1,0,0,0,0,0
1071_1,0,0,0,0,0,0,0,1,0,0
1071_2,0,0,0,0,0,0,0,0,0,1
1071_3,0,0,0,1,0,0,0,0,0,0
1071_4,0,1,0,0,0,0,0,0,0,0
1071_5,0,0,0,0,0,0,0,0,0,1
1071_6,0,0,0,0,0,0,0,1,0,0
1071_7,0,0,0,0,0,0,0,1,0,0
1071_8,0,0,0,0,0,0,0,0,1,0
1072_1,0,1,0,0,0,0,0,0,0,0
1072_2,0,0,1,0,0,0,0,0,0,0
1072_3,0,0,0,0,0,1,0,0,0,0
1072_4,1,0,0,0,0,0,0,0,0,0
1072_5,0,0,0,1,0,0,0,0,0,0
1072_6,0,0,0,1,0,0,0,0,0,0
1072_7,0,0,0,0,0,0,1,0,0,0
1072_8,1,0,0,0,0,0,0,0,0,0
1072_9,0,0,0,0,0,0,0,0,1,0
1072_10,0,0,0,0,0,0,0,0,1,0
1073_1,0,0,0,0,0,0,0,0,0,1
1073_2,0,0,0,0,0,1,0,0,0,0
1073_3,0,0,0,0,0,0,0,1,0,0
1073_4,0,0,0,1,0,0,0,0,0,0
1074_1,0,0,0,0,0,0,1,0,0,0
1074_2,0,1,0,0,0,0,0,0,0,0
1074_3,0,0,0,0,0,1,0,0,0,0
1074_4,0,0,1,0,0,0,0,0,0,0
1074_5,0,0,1,0,0,0,0,0,0,0
1074_6,0,0,0,0,0,1,0,0,0,0
1074_7,0,0,0,0,0,0,0,0,1,0
1074_8,1,0,0,0,0,0,0,0,0,0
1075_1,0,1,0,0,0,0,0,0,0,0
1075_2,0,0,0,0,0,0,0,0,0,1
1075_3,0,0,0,0,0,1,0,0,0,0
1075_4,0,1,0,0,0,0,0,0,0,0
1075_5,0,0,0,0,0,0,0,0,1,0
1075_6,0,0,1,0,0,0,0,0,0,0
1075_7,0,0,0,1,0,0,0,0,0,0
1076_1,1,0,0,0,0,0,0,0,0,0
1076_2,0,1,0,0,0,0,0,0,0,0
1076_3,0,0,0,0,0,1,0,0,0,0
1076_4,0,1,0,0,0,0,0,0,0,0
1076_5,0,0,1,0,0,0,0,0,0,0
1076_6,0,0,0,1,0,0,0,0,0,0
1076_7,0,1,0,0,0,0,0,0,0,0
1076_8,0,0,0,0,0,0,0,0,1,0
1076_9,0,0,0,0,0,0,1,0,0,0
1076_10,0,0,0,0,0,0,1,0,0,0
1077_1,0,1,0,0,0,0,0,0,0,0
1077_2,1,0,0,0,0,0,0,0,0,0
1077_3,0,0,0,0,0,0,0,0,1,0
1077_4,0,0,0,0,0,1,0,0,0,0
1077_5,0,0,0,0,1,0,0,0,0,0
1077_6,0,0,0,1,0,0,0,0,0,0
1078_1,0,1,0,0,0,0,0,0,0,0
1078_2,0,0,1,0,0,0,0,0,0,0
1078_3,0,1,0,0,0,0,0,0,0,0
1078_4,0,0,0,1,0,0,0,0,0,0
1078_5,0,0,0,0,0,1,0,0,0,0
1078_6,0,0,0,0,0,0,1,0,0,0
1078_7,0,0,0,0,0,1,0,0,0,0
1078_8,0,0,0,0,0,1,0,0,0,0
1078_9,0,0,0,0,0,0,0,0,0,1
1079_1,0,0,0,0,0,0,0,0,0,1
1079_2,0,0,0,0,0,0,1,0,0,0
1079_3,0,0,0,0,0,1,0,0,0,0
1079_4,0,0,0,1,0,0,0,0,0,0
1079_5,0,0,0,0,0,0,0,1,0,0
1079_6,1,0,0,0,0,0,0,0,0,0
1080_1,0,1,0,0,0,0,0,0,0,0
1080_2,0,0,0,0,0,1,0,0,0,0
1080_3,0,0,1,0,0,0,0,0,0,0
1080_4,0,0,0,1,0,0,0,0,0,0
1080_5,0,0,0,0,0,1,0,0,0,0
1080_6,0,0,0,0,0,0,1,0,0,0
1080_7,0,0,0,0,0,0,0,1,0,0
1081_1,0,1,0,0,0,0,0,0,0,0
1081_2,0,0,0,0,0,0,0,1,0,0
1081_3,0,0,0,0,0,0,0,0,1,0
1081_4,0,0,0,0,0,1,0,0,0,0
1081_5,0,0,0,0,0,0,1,0,0,0
1081_6,0,0,0,0,1,0,0,0,0,0
1081_7,0,0,0,0,0,0,0,0,0,1
1081_8,0,1,0,0,0,0,0,0,0,0
1082_1,0,1,0,0,0,0,0,0,0,0
1082_2,0,0,0,1,0,0,0,0,0,0
1082_3,0,0,0,0,0,1,0,0,0,0
1082_4,0,0,1,0,0,0,0,0,0,0
1082_5,0,0,0,0,0,0,0,1,0,0
1082_6,0,0,0,0,0,0,0,0,1,0
1082_7,0,0,0,0,0,0,0,0,1,0
1083_1,0,0,0,0,0,0,0,0,1,0
1083_2,0,0,0,0,0,0,1,0,0,0
1083_3,0,0,1,0,0,0,0,0,0,0
1083_4,0,0,0,0,0,0,0,0,0,1
1083_5,1,0,0,0,0,0,0,0,0,0
1083_6,0,0,0,1,0,0,0,0,0,0
1084_1,0,0,0,0,0,0,0,1,0,0
1084_2,1,0,0,0,0,0,0,0,0,0
1084_3,1,0,0,0,0,0,0,0,0,0
1084_4,0,0,0,0,0,0,1,0,0,0
1085_1,0,1,0,0,0,0,0,0,0,0
1085_2,0,0,0,0,0,0,0,1,0,0
1085_3,0,0,1,0,0,0,0,0,0,0
1085_4,0,0,0,1,0,0,0,0,0,0
1085_5,0,0,0,0,0,0,1,0,0,0
1085_6,0,0,0,1,0,0,0,0,0,0
1085_7,1,0,0,0,0,0,0,0,0,0
1085_8,0,0,1,0,0,0,0,0,0,0
1086_1,0,0,0,0,0,0,0,1,0,0
1086_2,0,0,1,0,0,0,0,0,0,0
1086_3,0,0,0,0,0,1,0,0,0,0
1086_4,1,0,0,0,0,0,0,0,0,0
1086_5,0,0,1,0,0,0,0,0,0,0
1086_6,0,0,0,1,0,0,0,0,0,0
1087_1,0,1,0,0,0,0,0,0,0,0
1087_2,0,0,0,0,0,1,0,0,0,0
1087_3,0,0,0,0,1,0,0,0,0,0
1087_4,0,0,0,0,0,1,0,0,0,0
1087_5,0,0,0,1,0,0,0,0,0,0
1087_6,0,0,0,1,0,0,0,0,0,0
1087_7,0,0,1,0,0,0,0,0,0,0
1088_1,0,0,0,0,0,0,0,0,0,1
1088_2,0,0,1,0,0,0,0,0,0,0
1088_3,0,0,0,0,0,0,0,0,0,1
1088_4,0,0,0,0,0,1,0,0,0,0
1089_1,0,1,0,0,0,0,0,0,0,0
1089_2,0,0,0,0,0,0,0,1,0,0
1089_3,1,0,0,0,0,0,0,0,0,0
1089_4,0,0,0,0,0,1,0,0,0,0
1089_5,0,0,0,0,0,1,0,0,0,0
1089_6,0,0,0,0,0,0,0,1,0,0
1089_7,0,0,0,0,0,0,0,0,1,0
1089_8,0,0,1,0,0,0,0,0,0,0
1089_9,0,0,1,0,0,0,0,0,0,0
1090_1,0,1,0,0,0,0,0,0,0,0
1090_2,0,0,0,1,0,0,0,0,0,0
1090_3,0,1,0,0,0,0,0,0,0,0
1090_4,0,0,0,0,0,0,0,1,0,0
1090_5,0,0,0,0,0,0,0,0,1,0
1090_6,0,0,0,0,0,0,0,1,0,0
1090_7,1,0,0,0,0,0,0,0,0,0
1091_1,0,1,0,0,0,0,0,0,0,0
1091_2,0,0,0,0,1,0,0,0,0,0
1091_3,1,0,0,0,0,0,0,0,0,0
1091_4,0,0,0,0,0,0,1,0,0,0
1091_5,0,1,0,0,0,0,0,0,0,0
1091_6,0,0,0,0,0,0,0,0,0,1
1091_7,0,0,1,0,0,0,0,0,0,0
1091_8,0,0,0,0,1,0,0,0,0,0
1091_9,1,0,0,0,0,0,0,0,0,0
1092_1,0,1,0,0,0,0,0,0,0,0
1092_2,0,0,1,0,0,0,0,0,0,0
1092_3,0,0,0,0,0,0,0,0,0,1
1092_4,0,0,0,1,0,0,0,0,0,0
1092_5,0,0,0,0,0,0,0,0,0,1
1092_6,0,0,0,0,0,0,0,1,0,0
1092_7,0,0,0,1,0,0,0,0,0,0
1093_1,0,0,0,0,0,0,1,0,0,0
1093_2,0,0,0,0,0,1,0,0,0,0
1093_3,0,0,0,0,0,0,0,0,1,0
1093_4,0,0,0,0,0,0,1,0,0,0
1093_5,1,0,0,0,0,0,0,0,0,0
1093_6,1,0,0,0,0,0,0,0,0,0
1094_1,0,1,0,0,0,0,0,0,0,0
1094_2,0,0,1,0,0,0,0,0,0,0
1094_3,0,0,0,0,0,0,1,0,0,0
1094_4,0,0,0,1,0,0,0,0,0,0
1094_5,0,0,0,0,0,1,0,0,0,0
1094_6,0,0,0,0,0,0,0,0,1,0
1094_7,0,0,1,0,0,0,0,0,0,0
1094_8,1,0,0,0,0,0,0,0,0,0
1094_9,0,0,0,0,0,0,0,0,1,0
1095_1,1,0,0,0,0,0,0,0,0,0
1095_2,0,0,0,0,0,0,1,0,0,0
1095_3,0,0,0,0,0,0,0,1,0,0
1095_4,0,0,0,0,0,0,0,0,1,0
1095_5,0,0,0,0,0,1,0,0,0,0
1095_6,0,0,0,0,0,1,0,0,0,0
1096_1,0,1,0,0,0,0,0,0,0,0
1096_2,0,0,0,0,0,0,0,1,0,0
1096_3,1,0,0,0,0,0,0,0,0,0
1096_4,0,0,0,0,0,0,0,0,1,0
1096_5,0,0,0,0,0,1,0,0,0,0
1096_6,0,1,0,0,0,0,0,0,0,0
1096_7,1,0,0,0,0,0,0,0,0,0
1096_8,0,0,0,0,0,0,0,1,0,0
1096_9,0,0,0,0,0,0,0,1,0,0
1098_1,0,0,0,0,0,0,0,0,0,1
1098_2,0,0,0,0,0,0,0,1,0,0
1098_3,1,0,0,0,0,0,0,0,0,0
1098_4,0,0,0,0,0,0,0,1,0,0
1098_5,1,0,0,0,0,0,0,0,0,0
1098_6,0,0,0,0,0,0,0,0,0,1
1099_1,0,1,0,0,0,0,0,0,0,0
1099_2,0,0,0,0,1,0,0,0,0,0
1099_3,1,0,0,0,0,0,0,0,0,0
1099_4,1,0,0,0,0,0,0,0,0,0
1099_5,1,0,0,0,0,0,0,0,0,0
1099_6,0,1,0,0,0,0,0,0,0,0
1099_7,0,0,0,0,0,0,0,1,0,0
1099_8,0,1,0,0,0,0,0,0,0,0
1099_9,0,0,0,0,1,0,0,0,0,0
1100_1,0,0,0,0,0,0,0,1,0,0
1100_2,0,1,0,0,0,0,0,0,0,0
1100_3,0,0,0,0,0,1,0,0,0,0
1100_4,0,0,0,1,0,0,0,0,0,0
1100_5,0,0,0,1,0,0,0,0,0,0
1100_6,0,0,0,1,0,0,0,0,0,0
1100_7,0,0,1,0,0,0,0,0,0,0
1100_8,0,0,1,0,0,0,0,0,0,0
1100_9,0,0,1,0,0,0,0,0,0,0
1101_1,0,0,0,0,0,0,1,0,0,0
1101_2,1,0,0,0,0,0,0,0,0,0
1101_3,0,0,0,1,0,0,0,0,0,0
1101_4,0,0,0,1,0,0,0,0,0,0
1101_5,1,0,0,0,0,0,0,0,0,0
1101_6,0,0,0,0,1,0,0,0,0,0
1102_1,0,1,0,0,0,0,0,0,0,0
1102_2,0,0,0,0,0,0,1,0,0,0
1102_3,0,0,0,1,0,0,0,0,0,0
1102_4,0,0,0,0,0,0,0,0,0,1
1102_5,0,0,0,0,0,1,0,0,0,0
1102_6,0,0,0,0,0,0,0,0,1,0
1102_7,0,0,0,0,0,0,1,0,0,0
1103_1,0,1,0,0,0,0,0,0,0,0
1103_2,0,0,0,0,0,0,0,0,1,0
1103_3,0,0,0,0,0,0,0,0,1,0
1103_4,0,0,1,0,0,0,0,0,0,0
1103_5,0,0,0,0,0,1,0,0,0,0
1103_6,0,0,0,0,0,0,0,1,0,0
1103_7,1,0,0,0,0,0,0,0,0,0
1103_8,0,0,0,0,0,0,0,0,1,0
1103_9,0,0,0,1,0,0,0,0,0,0
1104_1,0,0,0,0,0,0,0,1,0,0
1104_2,0,0,0,0,0,0,0,0,0,1
1104_3,0,0,0,0,0,0,0,0,1,0
1104_4,0,0,0,0,0,0,1,0,0,0
1104_5,0,1,0,0,0,0,0,0,0,0
1104_6,0,0,1,0,0,0,0,0,0,0
1105_1,0,0,0,0,0,0,1,0,0,0
1105_2,0,0,0,0,0,1,0,0,0,0
1105_3,0,0,0,1,0,0,0,0,0,0
1105_4,0,0,0,0,1,0,0,0,0,0
1105_5,0,0,0,0,0,0,1,0,0,0
1105_6,0,0,0,0,0,0,1,0,0,0
1105_7,0,0,0,0,1,0,0,0,0,0
1105_8,0,0,0,0,0,0,1,0,0,0
1106_1,0,1,0,0,0,0,0,0,0,0
1106_2,1,0,0,0,0,0,0,0,0,0
1106_3,0,0,0,0,0,1,0,0,0,0
1107_1,0,1,0,0,0,0,0,0,0,0
1107_2,0,1,0,0,0,0,0,0,0,0
1107_3,1,0,0,0,0,0,0,0,0,0
1107_4,0,0,0,0,0,0,1,0,0,0
1107_5,0,0,0,0,0,0,0,0,1,0
1107_6,0,0,1,0,0,0,0,0,0,0
1107_7,0,0,0,0,0,0,0,0,0,1
1108_1,0,0,0,0,0,0,0,1,0,0
1108_2,0,0,0,0,0,1,0,0,0,0
1108_3,1,0,0,0,0,0,0,0,0,0
1109_1,0,0,0,1,0,0,0,0,0,0
1109_2,0,1,0,0,0,0,0,0,0,0
1109_3,0,0,0,1,0,0,0,0,0,0
1109_4,0,0,0,0,0,0,1,0,0,0
1109_5,0,0,0,0,0,1,0,0,0,0
1110_1,0,0,0,1,0,0,0,0,0,0
1110_2,0,0,0,0,0,0,1,0,0,0
1110_3,0,0,0,0,0,0,0,0,0,1
1111_1,0,0,0,0,0,1,0,0,0,0
1111_2,0,0,0,0,1,0,0,0,0,0
1111_3,0,0,0,0,1,0,0,0,0,0
1111_4,0,0,0,1,0,0,0,0,0,0
1111_5,0,0,0,0,0,0,1,0,0,0
1111_6,0,0,0,0,0,1,0,0,0,0
1111_7,0,0,0,0,0,0,0,0,1,0
1111_8,0,1,0,0,0,0,0,0,0,0
1112_1,0,1,0,0,0,0,0,0,0,0
1112_2,0,0,0,1,0,0,0,0,0,0
1112_3,0,0,0,0,0,0,0,1,0,0
1112_4,0,0,0,1,0,0,0,0,0,0
1112_5,0,0,0,0,0,1,0,0,0,0
1112_6,0,0,0,0,0,0,0,0,1,0
1112_7,0,1,0,0,0,0,0,0,0,0
1112_8,0,0,0,0,0,1,0,0,0,0
1112_9,0,0,0,0,0,0,0,0,0,1
1113_1,0,1,0,0,0,0,0,0,0,0
1113_2,1,0,0,0,0,0,0,0,0,0
1113_3,1,0,0,0,0,0,0,0,0,0
1113_4,0,0,0,1,0,0,0,0,0,0
1113_5,0,0,0,0,0,1,0,0,0,0
1113_6,0,0,0,1,0,0,0,0,0,0
1113_7,0,0,0,1,0,0,0,0,0,0
1113_8,0,0,0,1,0,0,0,0,0,0
